{
	"layoutName": "simplecollapsible",
	"class": "simple-collapsible",
	"children": [{
		"layoutName": "div",
		"model": {
			"class": "simple-collapsible-toggle",
			"data-toggle":"collapse",
			"data-target":"#simplecollapsible-selector",
			"children": [{
				"layoutName": "div",
				"model": {
					"class": "simple-collapsible-icon pull-right"
					}
				},{
				"layoutName": "clearfix",
				"model": {
					"class": "clearfix"
				}
			}]
		}
	}, {
		"layoutName": "div",
		"model": {
			"id":"simplecollapsible-selector",
			"class": "collapse in show simple-collapsible-content"
		}
	}]
}